{"cameraMode":{"drawMode":0,"name":"Shaded","section":"Shading Mode"},"sceneLighting":false,"audioPlay":false,"sceneViewState":{"m_AlwaysRefresh":false,"showFog":true,"showSkybox":false,"showFlares":true,"showImageEffects":true,"showParticleSystems":true,"showVisualEffectGraphs":true,"m_FxEnabled":true},"in2DMode":false,"pivot":{"x":-4.537343978881836,"y":11.712030410766602,"z":96.5514144897461},"rotation":{"x":0.23943482339382173,"y":-0.013974823988974095,"z":0.003471668576821685,"w":0.9708530306816101},"size":3.0045244693756105,"orthographic":false}