{"cameraMode":{"drawMode":0,"name":"Shaded","section":"Shading Mode"},"sceneLighting":false,"audioPlay":false,"sceneViewState":{"m_AlwaysRefresh":false,"showFog":true,"showSkybox":false,"showFlares":true,"showImageEffects":true,"showParticleSystems":true,"showVisualEffectGraphs":true,"m_FxEnabled":true},"in2DMode":false,"pivot":{"x":-0.00007072091102600098,"y":0.06128031015396118,"z":0.07365161180496216},"rotation":{"x":0.1678076684474945,"y":-0.005906915292143822,"z":0.0010225486475974322,"w":0.9858606457710266},"size":0.8362547755241394,"orthographic":false}