{"cameraMode":{"drawMode":0,"name":"Shaded","section":"Shading Mode"},"sceneLighting":false,"audioPlay":false,"sceneViewState":{"m_AlwaysRefresh":false,"showFog":true,"showSkybox":false,"showFlares":true,"showImageEffects":true,"showParticleSystems":true,"showVisualEffectGraphs":true,"m_FxEnabled":true},"in2DMode":false,"pivot":{"x":2.011279344558716,"y":0.5180584788322449,"z":0.000001430511474609375},"rotation":{"x":0.23943482339382173,"y":-0.013974823988974095,"z":0.003471668576821685,"w":0.9708530306816101},"size":1.067046046257019,"orthographic":false}